,Iteration,Fitness,FEvals,Time,State,Restarts,max_iters,current_restart
0,0.0,2.0,0,0.00016341699999955495,"[1, 1, 0, 0, 1, 1, 1, 1, 1, 0, 0, 1, 0, 1, 1, 0, 0, 1, 0, 0]",10,19,0
1,1.0,2.0,1,0.019271231999999472,"[1, 1, 0, 0, 1, 1, 1, 1, 1, 0, 0, 1, 0, 1, 1, 0, 0, 1, 0, 0]",10,19,0
2,2.0,2.0,2,0.022440299999999525,"[1, 1, 0, 0, 1, 1, 1, 1, 1, 0, 0, 1, 0, 1, 1, 0, 0, 1, 0, 0]",10,19,0
3,3.0,2.0,3,0.025123995999999593,"[1, 1, 0, 0, 1, 1, 1, 1, 1, 0, 0, 1, 0, 1, 1, 0, 0, 1, 0, 0]",10,19,0
4,4.0,2.0,4,0.027843912999999887,"[1, 1, 0, 0, 1, 1, 1, 1, 1, 0, 0, 1, 0, 1, 1, 0, 0, 1, 0, 0]",10,19,0
5,5.0,2.0,5,0.030551638999999575,"[1, 1, 0, 0, 1, 1, 1, 1, 1, 0, 0, 1, 0, 1, 1, 0, 0, 1, 0, 0]",10,19,0
6,6.0,2.0,6,0.03529247399999935,"[1, 1, 0, 0, 1, 1, 1, 1, 1, 0, 0, 1, 0, 1, 1, 0, 0, 1, 0, 0]",10,19,0
7,7.0,3.0,8,0.03850702299999931,"[1, 1, 1, 0, 1, 1, 1, 1, 1, 0, 0, 1, 0, 1, 1, 0, 0, 1, 0, 0]",10,19,0
8,8.0,3.0,9,0.04173878399999964,"[1, 1, 1, 0, 1, 1, 1, 1, 1, 0, 0, 1, 0, 1, 1, 0, 0, 1, 0, 0]",10,19,0
9,9.0,3.0,10,0.044539878000000144,"[1, 1, 1, 0, 1, 1, 1, 1, 1, 0, 0, 1, 0, 1, 1, 0, 0, 1, 0, 0]",10,19,0
10,10.0,5.0,12,0.04729044099999946,"[1, 1, 1, 0, 1, 1, 1, 1, 1, 0, 0, 1, 0, 1, 1, 0, 0, 0, 0, 0]",10,19,0
11,11.0,5.0,13,0.050049954999999535,"[1, 1, 1, 0, 1, 1, 1, 1, 1, 0, 0, 1, 0, 1, 1, 0, 0, 0, 0, 0]",10,19,0
12,12.0,5.0,14,0.05300071599999967,"[1, 1, 1, 0, 1, 1, 1, 1, 1, 0, 0, 1, 0, 1, 1, 0, 0, 0, 0, 0]",10,19,0
13,13.0,5.0,15,0.05585306199999973,"[1, 1, 1, 0, 1, 1, 1, 1, 1, 0, 0, 1, 0, 1, 1, 0, 0, 0, 0, 0]",10,19,0
14,14.0,5.0,16,0.05869860399999993,"[1, 1, 1, 0, 1, 1, 1, 1, 1, 0, 0, 1, 0, 1, 1, 0, 0, 0, 0, 0]",10,19,0
15,15.0,5.0,17,0.06156259900000016,"[1, 1, 1, 0, 1, 1, 1, 1, 1, 0, 0, 1, 0, 1, 1, 0, 0, 0, 0, 0]",10,19,0
16,16.0,29.0,19,0.06444441499999964,"[1, 1, 1, 1, 1, 1, 1, 1, 1, 0, 0, 1, 0, 1, 1, 0, 0, 0, 0, 0]",10,19,0
17,17.0,29.0,20,0.06736594799999995,"[1, 1, 1, 1, 1, 1, 1, 1, 1, 0, 0, 1, 0, 1, 1, 0, 0, 0, 0, 0]",10,19,0
18,18.0,29.0,21,0.07025024399999946,"[1, 1, 1, 1, 1, 1, 1, 1, 1, 0, 0, 1, 0, 1, 1, 0, 0, 0, 0, 0]",10,19,0
19,19.0,29.0,22,0.07321928,"[1, 1, 1, 1, 1, 1, 1, 1, 1, 0, 0, 1, 0, 1, 1, 0, 0, 0, 0, 0]",10,19,0
20,0.0,2.0,22,0.07645005799999982,"[1, 1, 0, 0, 1, 1, 0, 0, 1, 0, 0, 0, 1, 1, 1, 1, 1, 0, 1, 0]",10,19,1
21,1.0,2.0,23,0.0793762899999999,"[1, 1, 0, 0, 1, 1, 0, 0, 1, 0, 0, 0, 1, 1, 1, 1, 1, 0, 1, 0]",10,19,1
22,2.0,2.0,24,0.08225226099999983,"[1, 1, 0, 0, 1, 1, 0, 0, 1, 0, 0, 0, 1, 1, 1, 1, 1, 0, 1, 0]",10,19,1
23,3.0,2.0,25,0.08530179300000018,"[1, 1, 0, 0, 1, 1, 0, 0, 1, 0, 0, 0, 1, 1, 1, 1, 1, 0, 1, 0]",10,19,1
24,4.0,2.0,26,0.08824753800000007,"[1, 1, 0, 0, 1, 1, 0, 0, 1, 0, 0, 0, 1, 1, 1, 1, 1, 0, 1, 0]",10,19,1
25,5.0,2.0,27,0.09117487699999938,"[1, 1, 0, 0, 1, 1, 0, 0, 1, 0, 0, 0, 1, 1, 1, 1, 1, 0, 1, 0]",10,19,1
26,6.0,3.0,29,0.09411306599999936,"[1, 1, 0, 0, 1, 1, 0, 0, 1, 0, 0, 0, 1, 1, 1, 1, 1, 0, 0, 0]",10,19,1
27,7.0,3.0,30,0.097100921,"[1, 1, 0, 0, 1, 1, 0, 0, 1, 0, 0, 0, 1, 1, 1, 1, 1, 0, 0, 0]",10,19,1
28,8.0,3.0,31,0.10184965699999982,"[1, 1, 0, 0, 1, 1, 0, 0, 1, 0, 0, 0, 1, 1, 1, 1, 1, 0, 0, 0]",10,19,1
29,9.0,3.0,32,0.10622327699999978,"[1, 1, 0, 0, 1, 1, 0, 0, 1, 0, 0, 0, 1, 1, 1, 1, 1, 0, 0, 0]",10,19,1
30,10.0,3.0,33,0.10972107999999992,"[1, 1, 0, 0, 1, 1, 0, 0, 1, 0, 0, 0, 1, 1, 1, 1, 1, 0, 0, 0]",10,19,1
31,11.0,3.0,34,0.11279136000000012,"[1, 1, 0, 0, 1, 1, 0, 0, 1, 0, 0, 0, 1, 1, 1, 1, 1, 0, 0, 0]",10,19,1
32,12.0,3.0,35,0.11582135199999932,"[1, 1, 0, 0, 1, 1, 0, 0, 1, 0, 0, 0, 1, 1, 1, 1, 1, 0, 0, 0]",10,19,1
33,13.0,3.0,36,0.1191121079999995,"[1, 1, 0, 0, 1, 1, 0, 0, 1, 0, 0, 0, 1, 1, 1, 1, 1, 0, 0, 0]",10,19,1
34,14.0,3.0,37,0.12246344899999961,"[1, 1, 0, 0, 1, 1, 0, 0, 1, 0, 0, 0, 1, 1, 1, 1, 1, 0, 0, 0]",10,19,1
35,15.0,3.0,38,0.12561645999999982,"[1, 1, 0, 0, 1, 1, 0, 0, 1, 0, 0, 0, 1, 1, 1, 1, 1, 0, 0, 0]",10,19,1
36,16.0,3.0,39,0.12875242099999973,"[1, 1, 0, 0, 1, 1, 0, 0, 1, 0, 0, 0, 1, 1, 1, 1, 1, 0, 0, 0]",10,19,1
37,17.0,3.0,39,0.12875242099999973,"[1, 1, 0, 0, 1, 1, 0, 0, 1, 0, 0, 0, 1, 1, 1, 1, 1, 0, 0, 0]",10,19,1
38,18.0,3.0,39,0.12875242099999973,"[1, 1, 0, 0, 1, 1, 0, 0, 1, 0, 0, 0, 1, 1, 1, 1, 1, 0, 0, 0]",10,19,1
39,19.0,3.0,39,0.12875242099999973,"[1, 1, 0, 0, 1, 1, 0, 0, 1, 0, 0, 0, 1, 1, 1, 1, 1, 0, 0, 0]",10,19,1
40,0.0,0.0,39,0.13196265099999938,"[0, 0, 0, 0, 0, 1, 1, 1, 0, 1, 1, 0, 0, 0, 1, 1, 0, 1, 1, 1]",10,19,2
41,1.0,1.0,41,0.13526338700000018,"[1, 0, 0, 0, 0, 1, 1, 1, 0, 1, 1, 0, 0, 0, 1, 1, 0, 1, 1, 1]",10,19,2
42,2.0,1.0,42,0.13858755799999933,"[1, 0, 0, 0, 0, 1, 1, 1, 0, 1, 1, 0, 0, 0, 1, 1, 0, 1, 1, 1]",10,19,2
43,3.0,1.0,43,0.14212828799999944,"[1, 0, 0, 0, 0, 1, 1, 1, 0, 1, 1, 0, 0, 0, 1, 1, 0, 1, 1, 1]",10,19,2
44,4.0,1.0,44,0.1453125609999999,"[1, 0, 0, 0, 0, 1, 1, 1, 0, 1, 1, 0, 0, 0, 1, 1, 0, 1, 1, 1]",10,19,2
45,5.0,1.0,45,0.14843275700000014,"[1, 0, 0, 0, 0, 1, 1, 1, 0, 1, 1, 0, 0, 0, 1, 1, 0, 1, 1, 1]",10,19,2
46,6.0,1.0,46,0.15180679900000005,"[1, 0, 0, 0, 0, 1, 1, 1, 0, 1, 1, 0, 0, 0, 1, 1, 0, 1, 1, 1]",10,19,2
47,7.0,1.0,47,0.1550475699999998,"[1, 0, 0, 0, 0, 1, 1, 1, 0, 1, 1, 0, 0, 0, 1, 1, 0, 1, 1, 1]",10,19,2
48,8.0,1.0,48,0.15823081699999975,"[1, 0, 0, 0, 0, 1, 1, 1, 0, 1, 1, 0, 0, 0, 1, 1, 0, 1, 1, 1]",10,19,2
49,9.0,1.0,49,0.1614273509999995,"[1, 0, 0, 0, 0, 1, 1, 1, 0, 1, 1, 0, 0, 0, 1, 1, 0, 1, 1, 1]",10,19,2
50,10.0,1.0,50,0.16466465599999935,"[1, 0, 0, 0, 0, 1, 1, 1, 0, 1, 1, 0, 0, 0, 1, 1, 0, 1, 1, 1]",10,19,2
51,11.0,1.0,51,0.16787497999999967,"[1, 0, 0, 0, 0, 1, 1, 1, 0, 1, 1, 0, 0, 0, 1, 1, 0, 1, 1, 1]",10,19,2
52,12.0,1.0,51,0.16787497999999967,"[1, 0, 0, 0, 0, 1, 1, 1, 0, 1, 1, 0, 0, 0, 1, 1, 0, 1, 1, 1]",10,19,2
53,13.0,1.0,51,0.16787497999999967,"[1, 0, 0, 0, 0, 1, 1, 1, 0, 1, 1, 0, 0, 0, 1, 1, 0, 1, 1, 1]",10,19,2
54,14.0,1.0,51,0.16787497999999967,"[1, 0, 0, 0, 0, 1, 1, 1, 0, 1, 1, 0, 0, 0, 1, 1, 0, 1, 1, 1]",10,19,2
55,15.0,1.0,51,0.16787497999999967,"[1, 0, 0, 0, 0, 1, 1, 1, 0, 1, 1, 0, 0, 0, 1, 1, 0, 1, 1, 1]",10,19,2
56,16.0,1.0,51,0.16787497999999967,"[1, 0, 0, 0, 0, 1, 1, 1, 0, 1, 1, 0, 0, 0, 1, 1, 0, 1, 1, 1]",10,19,2
57,17.0,1.0,51,0.16787497999999967,"[1, 0, 0, 0, 0, 1, 1, 1, 0, 1, 1, 0, 0, 0, 1, 1, 0, 1, 1, 1]",10,19,2
58,18.0,1.0,51,0.16787497999999967,"[1, 0, 0, 0, 0, 1, 1, 1, 0, 1, 1, 0, 0, 0, 1, 1, 0, 1, 1, 1]",10,19,2
59,19.0,1.0,51,0.16787497999999967,"[1, 0, 0, 0, 0, 1, 1, 1, 0, 1, 1, 0, 0, 0, 1, 1, 0, 1, 1, 1]",10,19,2
60,0.0,2.0,51,0.1712643629999997,"[1, 0, 0, 1, 0, 0, 0, 1, 0, 1, 0, 1, 0, 0, 0, 0, 1, 1, 0, 0]",10,19,3
61,1.0,2.0,52,0.17505495899999968,"[1, 0, 0, 1, 0, 0, 0, 1, 0, 1, 0, 1, 0, 0, 0, 0, 1, 1, 0, 0]",10,19,3
62,2.0,2.0,53,0.17842521999999938,"[1, 0, 0, 1, 0, 0, 0, 1, 0, 1, 0, 1, 0, 0, 0, 0, 1, 1, 0, 0]",10,19,3
63,3.0,2.0,54,0.1817443609999998,"[1, 0, 0, 1, 0, 0, 0, 1, 0, 1, 0, 1, 0, 0, 0, 0, 1, 1, 0, 0]",10,19,3
64,4.0,2.0,55,0.18526958499999946,"[1, 0, 0, 1, 0, 0, 0, 1, 0, 1, 0, 1, 0, 0, 0, 0, 1, 1, 0, 0]",10,19,3
65,5.0,2.0,56,0.18863761400000012,"[1, 0, 0, 1, 0, 0, 0, 1, 0, 1, 0, 1, 0, 0, 0, 0, 1, 1, 0, 0]",10,19,3
66,6.0,2.0,57,0.19198527899999984,"[1, 0, 0, 1, 0, 0, 0, 1, 0, 1, 0, 1, 0, 0, 0, 0, 1, 1, 0, 0]",10,19,3
67,7.0,2.0,58,0.19532930199999932,"[1, 0, 0, 1, 0, 0, 0, 1, 0, 1, 0, 1, 0, 0, 0, 0, 1, 1, 0, 0]",10,19,3
68,8.0,2.0,59,0.1987027750000001,"[1, 0, 0, 1, 0, 0, 0, 1, 0, 1, 0, 1, 0, 0, 0, 0, 1, 1, 0, 0]",10,19,3
69,9.0,2.0,60,0.20205737899999932,"[1, 0, 0, 1, 0, 0, 0, 1, 0, 1, 0, 1, 0, 0, 0, 0, 1, 1, 0, 0]",10,19,3
70,10.0,2.0,61,0.20542022400000004,"[1, 0, 0, 1, 0, 0, 0, 1, 0, 1, 0, 1, 0, 0, 0, 0, 1, 1, 0, 0]",10,19,3
71,11.0,2.0,61,0.20542022400000004,"[1, 0, 0, 1, 0, 0, 0, 1, 0, 1, 0, 1, 0, 0, 0, 0, 1, 1, 0, 0]",10,19,3
72,12.0,2.0,61,0.20542022400000004,"[1, 0, 0, 1, 0, 0, 0, 1, 0, 1, 0, 1, 0, 0, 0, 0, 1, 1, 0, 0]",10,19,3
73,13.0,2.0,61,0.20542022400000004,"[1, 0, 0, 1, 0, 0, 0, 1, 0, 1, 0, 1, 0, 0, 0, 0, 1, 1, 0, 0]",10,19,3
74,14.0,2.0,61,0.20542022400000004,"[1, 0, 0, 1, 0, 0, 0, 1, 0, 1, 0, 1, 0, 0, 0, 0, 1, 1, 0, 0]",10,19,3
75,15.0,2.0,61,0.20542022400000004,"[1, 0, 0, 1, 0, 0, 0, 1, 0, 1, 0, 1, 0, 0, 0, 0, 1, 1, 0, 0]",10,19,3
76,16.0,2.0,61,0.20542022400000004,"[1, 0, 0, 1, 0, 0, 0, 1, 0, 1, 0, 1, 0, 0, 0, 0, 1, 1, 0, 0]",10,19,3
77,17.0,2.0,61,0.20542022400000004,"[1, 0, 0, 1, 0, 0, 0, 1, 0, 1, 0, 1, 0, 0, 0, 0, 1, 1, 0, 0]",10,19,3
78,18.0,2.0,61,0.20542022400000004,"[1, 0, 0, 1, 0, 0, 0, 1, 0, 1, 0, 1, 0, 0, 0, 0, 1, 1, 0, 0]",10,19,3
79,19.0,2.0,61,0.20542022400000004,"[1, 0, 0, 1, 0, 0, 0, 1, 0, 1, 0, 1, 0, 0, 0, 0, 1, 1, 0, 0]",10,19,3
80,0.0,0.0,61,0.20936905800000005,"[0, 0, 1, 0, 0, 0, 0, 1, 1, 0, 1, 1, 0, 0, 1, 1, 1, 1, 1, 1]",10,19,4
81,1.0,1.0,63,0.2129175459999999,"[1, 0, 1, 0, 0, 0, 0, 1, 1, 0, 1, 1, 0, 0, 1, 1, 1, 1, 1, 1]",10,19,4
82,2.0,1.0,64,0.21639253099999944,"[1, 0, 1, 0, 0, 0, 0, 1, 1, 0, 1, 1, 0, 0, 1, 1, 1, 1, 1, 1]",10,19,4
83,3.0,1.0,65,0.2200884470000002,"[1, 0, 1, 0, 0, 0, 0, 1, 1, 0, 1, 1, 0, 0, 1, 1, 1, 1, 1, 1]",10,19,4
84,4.0,1.0,66,0.22359802599999945,"[1, 0, 1, 0, 0, 0, 0, 1, 1, 0, 1, 1, 0, 0, 1, 1, 1, 1, 1, 1]",10,19,4
85,5.0,1.0,67,0.2270952030000002,"[1, 0, 1, 0, 0, 0, 0, 1, 1, 0, 1, 1, 0, 0, 1, 1, 1, 1, 1, 1]",10,19,4
86,6.0,1.0,68,0.2306245639999993,"[1, 0, 1, 0, 0, 0, 0, 1, 1, 0, 1, 1, 0, 0, 1, 1, 1, 1, 1, 1]",10,19,4
87,7.0,1.0,69,0.23416714699999996,"[1, 0, 1, 0, 0, 0, 0, 1, 1, 0, 1, 1, 0, 0, 1, 1, 1, 1, 1, 1]",10,19,4
88,8.0,1.0,70,0.2376876619999999,"[1, 0, 1, 0, 0, 0, 0, 1, 1, 0, 1, 1, 0, 0, 1, 1, 1, 1, 1, 1]",10,19,4
89,9.0,1.0,71,0.24152698599999933,"[1, 0, 1, 0, 0, 0, 0, 1, 1, 0, 1, 1, 0, 0, 1, 1, 1, 1, 1, 1]",10,19,4
90,10.0,1.0,72,0.24524772599999967,"[1, 0, 1, 0, 0, 0, 0, 1, 1, 0, 1, 1, 0, 0, 1, 1, 1, 1, 1, 1]",10,19,4
91,11.0,1.0,73,0.24882100299999976,"[1, 0, 1, 0, 0, 0, 0, 1, 1, 0, 1, 1, 0, 0, 1, 1, 1, 1, 1, 1]",10,19,4
92,12.0,1.0,73,0.24882100299999976,"[1, 0, 1, 0, 0, 0, 0, 1, 1, 0, 1, 1, 0, 0, 1, 1, 1, 1, 1, 1]",10,19,4
93,13.0,1.0,73,0.24882100299999976,"[1, 0, 1, 0, 0, 0, 0, 1, 1, 0, 1, 1, 0, 0, 1, 1, 1, 1, 1, 1]",10,19,4
94,14.0,1.0,73,0.24882100299999976,"[1, 0, 1, 0, 0, 0, 0, 1, 1, 0, 1, 1, 0, 0, 1, 1, 1, 1, 1, 1]",10,19,4
95,15.0,1.0,73,0.24882100299999976,"[1, 0, 1, 0, 0, 0, 0, 1, 1, 0, 1, 1, 0, 0, 1, 1, 1, 1, 1, 1]",10,19,4
96,16.0,1.0,73,0.24882100299999976,"[1, 0, 1, 0, 0, 0, 0, 1, 1, 0, 1, 1, 0, 0, 1, 1, 1, 1, 1, 1]",10,19,4
97,17.0,1.0,73,0.24882100299999976,"[1, 0, 1, 0, 0, 0, 0, 1, 1, 0, 1, 1, 0, 0, 1, 1, 1, 1, 1, 1]",10,19,4
98,18.0,1.0,73,0.24882100299999976,"[1, 0, 1, 0, 0, 0, 0, 1, 1, 0, 1, 1, 0, 0, 1, 1, 1, 1, 1, 1]",10,19,4
99,19.0,1.0,73,0.24882100299999976,"[1, 0, 1, 0, 0, 0, 0, 1, 1, 0, 1, 1, 0, 0, 1, 1, 1, 1, 1, 1]",10,19,4
100,0.0,1.0,73,0.25266622100000014,"[1, 0, 0, 1, 0, 0, 0, 0, 0, 1, 1, 0, 0, 1, 1, 1, 1, 0, 1, 0]",10,19,5
101,1.0,3.0,75,0.2563223179999996,"[1, 0, 0, 1, 0, 0, 0, 0, 0, 1, 1, 0, 0, 1, 1, 1, 1, 0, 0, 0]",10,19,5
102,2.0,4.0,77,0.25997163799999967,"[1, 0, 0, 1, 0, 0, 0, 0, 0, 1, 1, 0, 0, 1, 1, 1, 0, 0, 0, 0]",10,19,5
103,3.0,4.0,78,0.2637382749999997,"[1, 0, 0, 1, 0, 0, 0, 0, 0, 1, 1, 0, 0, 1, 1, 1, 0, 0, 0, 0]",10,19,5
104,4.0,4.0,79,0.273537084,"[1, 0, 0, 1, 0, 0, 0, 0, 0, 1, 1, 0, 0, 1, 1, 1, 0, 0, 0, 0]",10,19,5
105,5.0,4.0,80,0.27789976299999974,"[1, 0, 0, 1, 0, 0, 0, 0, 0, 1, 1, 0, 0, 1, 1, 1, 0, 0, 0, 0]",10,19,5
106,6.0,4.0,81,0.28163921199999997,"[1, 0, 0, 1, 0, 0, 0, 0, 0, 1, 1, 0, 0, 1, 1, 1, 0, 0, 0, 0]",10,19,5
107,7.0,4.0,82,0.2855202719999994,"[1, 0, 0, 1, 0, 0, 0, 0, 0, 1, 1, 0, 0, 1, 1, 1, 0, 0, 0, 0]",10,19,5
108,8.0,4.0,83,0.2892822629999996,"[1, 0, 0, 1, 0, 0, 0, 0, 0, 1, 1, 0, 0, 1, 1, 1, 0, 0, 0, 0]",10,19,5
109,9.0,4.0,84,0.29300676999999986,"[1, 0, 0, 1, 0, 0, 0, 0, 0, 1, 1, 0, 0, 1, 1, 1, 0, 0, 0, 0]",10,19,5
110,10.0,4.0,85,0.2968560579999995,"[1, 0, 0, 1, 0, 0, 0, 0, 0, 1, 1, 0, 0, 1, 1, 1, 0, 0, 0, 0]",10,19,5
111,11.0,4.0,86,0.30065836499999943,"[1, 0, 0, 1, 0, 0, 0, 0, 0, 1, 1, 0, 0, 1, 1, 1, 0, 0, 0, 0]",10,19,5
112,12.0,4.0,87,0.3045137630000001,"[1, 0, 0, 1, 0, 0, 0, 0, 0, 1, 1, 0, 0, 1, 1, 1, 0, 0, 0, 0]",10,19,5
113,13.0,4.0,87,0.3045137630000001,"[1, 0, 0, 1, 0, 0, 0, 0, 0, 1, 1, 0, 0, 1, 1, 1, 0, 0, 0, 0]",10,19,5
114,14.0,4.0,87,0.3045137630000001,"[1, 0, 0, 1, 0, 0, 0, 0, 0, 1, 1, 0, 0, 1, 1, 1, 0, 0, 0, 0]",10,19,5
115,15.0,4.0,87,0.3045137630000001,"[1, 0, 0, 1, 0, 0, 0, 0, 0, 1, 1, 0, 0, 1, 1, 1, 0, 0, 0, 0]",10,19,5
116,16.0,4.0,87,0.3045137630000001,"[1, 0, 0, 1, 0, 0, 0, 0, 0, 1, 1, 0, 0, 1, 1, 1, 0, 0, 0, 0]",10,19,5
117,17.0,4.0,87,0.3045137630000001,"[1, 0, 0, 1, 0, 0, 0, 0, 0, 1, 1, 0, 0, 1, 1, 1, 0, 0, 0, 0]",10,19,5
118,18.0,4.0,87,0.3045137630000001,"[1, 0, 0, 1, 0, 0, 0, 0, 0, 1, 1, 0, 0, 1, 1, 1, 0, 0, 0, 0]",10,19,5
119,19.0,4.0,87,0.3045137630000001,"[1, 0, 0, 1, 0, 0, 0, 0, 0, 1, 1, 0, 0, 1, 1, 1, 0, 0, 0, 0]",10,19,5
120,0.0,4.0,87,0.30894692700000004,"[1, 1, 1, 1, 0, 1, 0, 1, 0, 0, 0, 0, 1, 1, 0, 0, 0, 0, 1, 0]",10,19,6
121,1.0,4.0,88,0.3128340449999998,"[1, 1, 1, 1, 0, 1, 0, 1, 0, 0, 0, 0, 1, 1, 0, 0, 0, 0, 1, 0]",10,19,6
122,2.0,4.0,89,0.3167053959999997,"[1, 1, 1, 1, 0, 1, 0, 1, 0, 0, 0, 0, 1, 1, 0, 0, 0, 0, 1, 0]",10,19,6
123,3.0,4.0,90,0.32074756499999957,"[1, 1, 1, 1, 0, 1, 0, 1, 0, 0, 0, 0, 1, 1, 0, 0, 0, 0, 1, 0]",10,19,6
124,4.0,4.0,91,0.3247057239999993,"[1, 1, 1, 1, 0, 1, 0, 1, 0, 0, 0, 0, 1, 1, 0, 0, 0, 0, 1, 0]",10,19,6
125,5.0,4.0,92,0.3286564209999998,"[1, 1, 1, 1, 0, 1, 0, 1, 0, 0, 0, 0, 1, 1, 0, 0, 0, 0, 1, 0]",10,19,6
126,6.0,4.0,93,0.33263320299999943,"[1, 1, 1, 1, 0, 1, 0, 1, 0, 0, 0, 0, 1, 1, 0, 0, 0, 0, 1, 0]",10,19,6
127,7.0,6.0,95,0.3366598509999994,"[1, 1, 1, 1, 1, 1, 0, 1, 0, 0, 0, 0, 1, 1, 0, 0, 0, 0, 1, 0]",10,19,6
128,8.0,6.0,96,0.34080236699999933,"[1, 1, 1, 1, 1, 1, 0, 1, 0, 0, 0, 0, 1, 1, 0, 0, 0, 0, 1, 0]",10,19,6
129,9.0,8.0,98,0.3451032070000002,"[1, 1, 1, 1, 1, 1, 1, 1, 0, 0, 0, 0, 1, 1, 0, 0, 0, 0, 1, 0]",10,19,6
130,10.0,8.0,99,0.3491662679999994,"[1, 1, 1, 1, 1, 1, 1, 1, 0, 0, 0, 0, 1, 1, 0, 0, 0, 0, 1, 0]",10,19,6
131,11.0,8.0,100,0.35335998899999943,"[1, 1, 1, 1, 1, 1, 1, 1, 0, 0, 0, 0, 1, 1, 0, 0, 0, 0, 1, 0]",10,19,6
132,12.0,8.0,101,0.3574341709999995,"[1, 1, 1, 1, 1, 1, 1, 1, 0, 0, 0, 0, 1, 1, 0, 0, 0, 0, 1, 0]",10,19,6
133,13.0,8.0,102,0.36154165199999966,"[1, 1, 1, 1, 1, 1, 1, 1, 0, 0, 0, 0, 1, 1, 0, 0, 0, 0, 1, 0]",10,19,6
134,14.0,8.0,103,0.36557838699999934,"[1, 1, 1, 1, 1, 1, 1, 1, 0, 0, 0, 0, 1, 1, 0, 0, 0, 0, 1, 0]",10,19,6
135,15.0,8.0,104,0.3702624229999998,"[1, 1, 1, 1, 1, 1, 1, 1, 0, 0, 0, 0, 1, 1, 0, 0, 0, 0, 1, 0]",10,19,6
136,16.0,8.0,105,0.3747285809999994,"[1, 1, 1, 1, 1, 1, 1, 1, 0, 0, 0, 0, 1, 1, 0, 0, 0, 0, 1, 0]",10,19,6
137,17.0,8.0,106,0.37898689900000004,"[1, 1, 1, 1, 1, 1, 1, 1, 0, 0, 0, 0, 1, 1, 0, 0, 0, 0, 1, 0]",10,19,6
138,18.0,8.0,107,0.3831215029999999,"[1, 1, 1, 1, 1, 1, 1, 1, 0, 0, 0, 0, 1, 1, 0, 0, 0, 0, 1, 0]",10,19,6
139,19.0,8.0,108,0.3874711279999996,"[1, 1, 1, 1, 1, 1, 1, 1, 0, 0, 0, 0, 1, 1, 0, 0, 0, 0, 1, 0]",10,19,6
140,0.0,5.0,108,0.39163044499999966,"[0, 0, 0, 0, 1, 0, 0, 1, 1, 0, 1, 1, 1, 1, 1, 0, 0, 0, 0, 0]",10,19,7
141,1.0,5.0,109,0.39582658299999984,"[0, 0, 0, 0, 1, 0, 0, 1, 1, 0, 1, 1, 1, 1, 1, 0, 0, 0, 0, 0]",10,19,7
142,2.0,5.0,110,0.40002583799999947,"[0, 0, 0, 0, 1, 0, 0, 1, 1, 0, 1, 1, 1, 1, 1, 0, 0, 0, 0, 0]",10,19,7
143,3.0,5.0,111,0.4041870190000001,"[0, 0, 0, 0, 1, 0, 0, 1, 1, 0, 1, 1, 1, 1, 1, 0, 0, 0, 0, 0]",10,19,7
144,4.0,5.0,112,0.40874312600000007,"[0, 0, 0, 0, 1, 0, 0, 1, 1, 0, 1, 1, 1, 1, 1, 0, 0, 0, 0, 0]",10,19,7
145,5.0,5.0,113,0.4129989030000001,"[0, 0, 0, 0, 1, 0, 0, 1, 1, 0, 1, 1, 1, 1, 1, 0, 0, 0, 0, 0]",10,19,7
146,6.0,5.0,114,0.4171263189999994,"[0, 0, 0, 0, 1, 0, 0, 1, 1, 0, 1, 1, 1, 1, 1, 0, 0, 0, 0, 0]",10,19,7
147,7.0,5.0,115,0.42150232899999995,"[0, 0, 0, 0, 1, 0, 0, 1, 1, 0, 1, 1, 1, 1, 1, 0, 0, 0, 0, 0]",10,19,7
148,8.0,5.0,116,0.42567514799999984,"[0, 0, 0, 0, 1, 0, 0, 1, 1, 0, 1, 1, 1, 1, 1, 0, 0, 0, 0, 0]",10,19,7
149,9.0,5.0,117,0.4301466669999998,"[0, 0, 0, 0, 1, 0, 0, 1, 1, 0, 1, 1, 1, 1, 1, 0, 0, 0, 0, 0]",10,19,7
150,10.0,6.0,119,0.43443375900000003,"[0, 0, 0, 0, 1, 0, 0, 1, 1, 0, 1, 1, 1, 1, 0, 0, 0, 0, 0, 0]",10,19,7
151,11.0,6.0,120,0.4387277799999998,"[0, 0, 0, 0, 1, 0, 0, 1, 1, 0, 1, 1, 1, 1, 0, 0, 0, 0, 0, 0]",10,19,7
152,12.0,6.0,121,0.44341306599999974,"[0, 0, 0, 0, 1, 0, 0, 1, 1, 0, 1, 1, 1, 1, 0, 0, 0, 0, 0, 0]",10,19,7
153,13.0,6.0,122,0.44768444699999943,"[0, 0, 0, 0, 1, 0, 0, 1, 1, 0, 1, 1, 1, 1, 0, 0, 0, 0, 0, 0]",10,19,7
154,14.0,6.0,123,0.45213740199999997,"[0, 0, 0, 0, 1, 0, 0, 1, 1, 0, 1, 1, 1, 1, 0, 0, 0, 0, 0, 0]",10,19,7
155,15.0,6.0,124,0.4567551519999995,"[0, 0, 0, 0, 1, 0, 0, 1, 1, 0, 1, 1, 1, 1, 0, 0, 0, 0, 0, 0]",10,19,7
156,16.0,6.0,125,0.461118334,"[0, 0, 0, 0, 1, 0, 0, 1, 1, 0, 1, 1, 1, 1, 0, 0, 0, 0, 0, 0]",10,19,7
157,17.0,6.0,126,0.4655582529999993,"[0, 0, 0, 0, 1, 0, 0, 1, 1, 0, 1, 1, 1, 1, 0, 0, 0, 0, 0, 0]",10,19,7
158,18.0,6.0,127,0.47007702400000007,"[0, 0, 0, 0, 1, 0, 0, 1, 1, 0, 1, 1, 1, 1, 0, 0, 0, 0, 0, 0]",10,19,7
159,19.0,6.0,128,0.4747992219999997,"[0, 0, 0, 0, 1, 0, 0, 1, 1, 0, 1, 1, 1, 1, 0, 0, 0, 0, 0, 0]",10,19,7
160,0.0,1.0,128,0.4792645609999999,"[0, 0, 0, 0, 1, 1, 0, 0, 0, 0, 0, 0, 1, 1, 0, 1, 0, 0, 1, 0]",10,19,8
161,1.0,1.0,129,0.48358633299999987,"[0, 0, 0, 0, 1, 1, 0, 0, 0, 0, 0, 0, 1, 1, 0, 1, 0, 0, 1, 0]",10,19,8
162,2.0,1.0,130,0.488329008,"[0, 0, 0, 0, 1, 1, 0, 0, 0, 0, 0, 0, 1, 1, 0, 1, 0, 0, 1, 0]",10,19,8
163,3.0,1.0,131,0.49268173099999935,"[0, 0, 0, 0, 1, 1, 0, 0, 0, 0, 0, 0, 1, 1, 0, 1, 0, 0, 1, 0]",10,19,8
164,4.0,1.0,132,0.49705600400000005,"[0, 0, 0, 0, 1, 1, 0, 0, 0, 0, 0, 0, 1, 1, 0, 1, 0, 0, 1, 0]",10,19,8
165,5.0,1.0,133,0.5015363580000001,"[0, 0, 0, 0, 1, 1, 0, 0, 0, 0, 0, 0, 1, 1, 0, 1, 0, 0, 1, 0]",10,19,8
166,6.0,4.0,135,0.5061685389999999,"[0, 0, 0, 0, 1, 1, 0, 0, 0, 0, 0, 0, 1, 1, 0, 1, 0, 0, 0, 0]",10,19,8
167,7.0,4.0,136,0.5112595989999997,"[0, 0, 0, 0, 1, 1, 0, 0, 0, 0, 0, 0, 1, 1, 0, 1, 0, 0, 0, 0]",10,19,8
168,8.0,4.0,137,0.5157925399999996,"[0, 0, 0, 0, 1, 1, 0, 0, 0, 0, 0, 0, 1, 1, 0, 1, 0, 0, 0, 0]",10,19,8
169,9.0,4.0,138,0.52061007,"[0, 0, 0, 0, 1, 1, 0, 0, 0, 0, 0, 0, 1, 1, 0, 1, 0, 0, 0, 0]",10,19,8
170,10.0,4.0,139,0.5252384970000001,"[0, 0, 0, 0, 1, 1, 0, 0, 0, 0, 0, 0, 1, 1, 0, 1, 0, 0, 0, 0]",10,19,8
171,11.0,4.0,140,0.5300991229999994,"[0, 0, 0, 0, 1, 1, 0, 0, 0, 0, 0, 0, 1, 1, 0, 1, 0, 0, 0, 0]",10,19,8
172,12.0,6.0,142,0.534867792,"[0, 0, 0, 0, 1, 1, 0, 0, 0, 0, 0, 0, 1, 1, 0, 0, 0, 0, 0, 0]",10,19,8
173,13.0,6.0,143,0.5393865279999996,"[0, 0, 0, 0, 1, 1, 0, 0, 0, 0, 0, 0, 1, 1, 0, 0, 0, 0, 0, 0]",10,19,8
174,14.0,6.0,144,0.544449986,"[0, 0, 0, 0, 1, 1, 0, 0, 0, 0, 0, 0, 1, 1, 0, 0, 0, 0, 0, 0]",10,19,8
175,15.0,6.0,145,0.5489243300000002,"[0, 0, 0, 0, 1, 1, 0, 0, 0, 0, 0, 0, 1, 1, 0, 0, 0, 0, 0, 0]",10,19,8
176,16.0,6.0,146,0.5535667489999998,"[0, 0, 0, 0, 1, 1, 0, 0, 0, 0, 0, 0, 1, 1, 0, 0, 0, 0, 0, 0]",10,19,8
177,17.0,6.0,147,0.558135408,"[0, 0, 0, 0, 1, 1, 0, 0, 0, 0, 0, 0, 1, 1, 0, 0, 0, 0, 0, 0]",10,19,8
178,18.0,6.0,148,0.5626425209999999,"[0, 0, 0, 0, 1, 1, 0, 0, 0, 0, 0, 0, 1, 1, 0, 0, 0, 0, 0, 0]",10,19,8
179,19.0,6.0,149,0.5676362289999997,"[0, 0, 0, 0, 1, 1, 0, 0, 0, 0, 0, 0, 1, 1, 0, 0, 0, 0, 0, 0]",10,19,8
180,0.0,0.0,149,0.5721757939999996,"[0, 1, 1, 1, 1, 0, 1, 0, 1, 0, 0, 0, 0, 1, 0, 0, 0, 1, 1, 1]",10,19,9
181,1.0,0.0,150,0.5770796169999999,"[0, 1, 1, 1, 1, 0, 1, 0, 1, 0, 0, 0, 0, 1, 0, 0, 0, 1, 1, 1]",10,19,9
182,2.0,0.0,151,0.5816667509999993,"[0, 1, 1, 1, 1, 0, 1, 0, 1, 0, 0, 0, 0, 1, 0, 0, 0, 1, 1, 1]",10,19,9
183,3.0,0.0,152,0.5864314049999999,"[0, 1, 1, 1, 1, 0, 1, 0, 1, 0, 0, 0, 0, 1, 0, 0, 0, 1, 1, 1]",10,19,9
184,4.0,0.0,153,0.5910480429999998,"[0, 1, 1, 1, 1, 0, 1, 0, 1, 0, 0, 0, 0, 1, 0, 0, 0, 1, 1, 1]",10,19,9
185,5.0,0.0,154,0.595677384,"[0, 1, 1, 1, 1, 0, 1, 0, 1, 0, 0, 0, 0, 1, 0, 0, 0, 1, 1, 1]",10,19,9
186,6.0,0.0,155,0.6003850399999999,"[0, 1, 1, 1, 1, 0, 1, 0, 1, 0, 0, 0, 0, 1, 0, 0, 0, 1, 1, 1]",10,19,9
187,7.0,0.0,156,0.6050043239999994,"[0, 1, 1, 1, 1, 0, 1, 0, 1, 0, 0, 0, 0, 1, 0, 0, 0, 1, 1, 1]",10,19,9
188,8.0,0.0,157,0.6100021939999998,"[0, 1, 1, 1, 1, 0, 1, 0, 1, 0, 0, 0, 0, 1, 0, 0, 0, 1, 1, 1]",10,19,9
189,9.0,0.0,158,0.6146871239999996,"[0, 1, 1, 1, 1, 0, 1, 0, 1, 0, 0, 0, 0, 1, 0, 0, 0, 1, 1, 1]",10,19,9
190,10.0,0.0,159,0.6195088009999994,"[0, 1, 1, 1, 1, 0, 1, 0, 1, 0, 0, 0, 0, 1, 0, 0, 0, 1, 1, 1]",10,19,9
191,11.0,0.0,159,0.6195088009999994,"[0, 1, 1, 1, 1, 0, 1, 0, 1, 0, 0, 0, 0, 1, 0, 0, 0, 1, 1, 1]",10,19,9
192,12.0,0.0,159,0.6195088009999994,"[0, 1, 1, 1, 1, 0, 1, 0, 1, 0, 0, 0, 0, 1, 0, 0, 0, 1, 1, 1]",10,19,9
193,13.0,0.0,159,0.6195088009999994,"[0, 1, 1, 1, 1, 0, 1, 0, 1, 0, 0, 0, 0, 1, 0, 0, 0, 1, 1, 1]",10,19,9
194,14.0,0.0,159,0.6195088009999994,"[0, 1, 1, 1, 1, 0, 1, 0, 1, 0, 0, 0, 0, 1, 0, 0, 0, 1, 1, 1]",10,19,9
195,15.0,0.0,159,0.6195088009999994,"[0, 1, 1, 1, 1, 0, 1, 0, 1, 0, 0, 0, 0, 1, 0, 0, 0, 1, 1, 1]",10,19,9
196,16.0,0.0,159,0.6195088009999994,"[0, 1, 1, 1, 1, 0, 1, 0, 1, 0, 0, 0, 0, 1, 0, 0, 0, 1, 1, 1]",10,19,9
197,17.0,0.0,159,0.6195088009999994,"[0, 1, 1, 1, 1, 0, 1, 0, 1, 0, 0, 0, 0, 1, 0, 0, 0, 1, 1, 1]",10,19,9
198,18.0,0.0,159,0.6195088009999994,"[0, 1, 1, 1, 1, 0, 1, 0, 1, 0, 0, 0, 0, 1, 0, 0, 0, 1, 1, 1]",10,19,9
199,19.0,0.0,159,0.6195088009999994,"[0, 1, 1, 1, 1, 0, 1, 0, 1, 0, 0, 0, 0, 1, 0, 0, 0, 1, 1, 1]",10,19,9
200,0.0,1.0,159,0.6248056029999995,"[1, 0, 0, 1, 1, 1, 1, 1, 1, 0, 0, 0, 0, 1, 1, 1, 1, 1, 1, 0]",10,19,10
201,1.0,1.0,160,0.6296607499999993,"[1, 0, 0, 1, 1, 1, 1, 1, 1, 0, 0, 0, 0, 1, 1, 1, 1, 1, 1, 0]",10,19,10
202,2.0,1.0,161,0.634716805,"[1, 0, 0, 1, 1, 1, 1, 1, 1, 0, 0, 0, 0, 1, 1, 1, 1, 1, 1, 0]",10,19,10
203,3.0,1.0,162,0.6399396599999996,"[1, 0, 0, 1, 1, 1, 1, 1, 1, 0, 0, 0, 0, 1, 1, 1, 1, 1, 1, 0]",10,19,10
204,4.0,1.0,163,0.6450340149999993,"[1, 0, 0, 1, 1, 1, 1, 1, 1, 0, 0, 0, 0, 1, 1, 1, 1, 1, 1, 0]",10,19,10
205,5.0,1.0,164,0.6574487829999995,"[1, 0, 0, 1, 1, 1, 1, 1, 1, 0, 0, 0, 0, 1, 1, 1, 1, 1, 1, 0]",10,19,10
206,6.0,1.0,165,0.6622830339999997,"[1, 0, 0, 1, 1, 1, 1, 1, 1, 0, 0, 0, 0, 1, 1, 1, 1, 1, 1, 0]",10,19,10
207,7.0,1.0,166,0.6672048879999997,"[1, 0, 0, 1, 1, 1, 1, 1, 1, 0, 0, 0, 0, 1, 1, 1, 1, 1, 1, 0]",10,19,10
208,8.0,1.0,167,0.6724933389999999,"[1, 0, 0, 1, 1, 1, 1, 1, 1, 0, 0, 0, 0, 1, 1, 1, 1, 1, 1, 0]",10,19,10
209,9.0,2.0,169,0.6778763539999995,"[1, 1, 0, 1, 1, 1, 1, 1, 1, 0, 0, 0, 0, 1, 1, 1, 1, 1, 1, 0]",10,19,10
210,10.0,2.0,170,0.6828038759999995,"[1, 1, 0, 1, 1, 1, 1, 1, 1, 0, 0, 0, 0, 1, 1, 1, 1, 1, 1, 0]",10,19,10
211,11.0,2.0,171,0.687923241,"[1, 1, 0, 1, 1, 1, 1, 1, 1, 0, 0, 0, 0, 1, 1, 1, 1, 1, 1, 0]",10,19,10
212,12.0,2.0,172,0.6928518779999999,"[1, 1, 0, 1, 1, 1, 1, 1, 1, 0, 0, 0, 0, 1, 1, 1, 1, 1, 1, 0]",10,19,10
213,13.0,9.0,174,0.6978799979999994,"[1, 1, 1, 1, 1, 1, 1, 1, 1, 0, 0, 0, 0, 1, 1, 1, 1, 1, 1, 0]",10,19,10
214,14.0,9.0,175,0.7028153110000002,"[1, 1, 1, 1, 1, 1, 1, 1, 1, 0, 0, 0, 0, 1, 1, 1, 1, 1, 1, 0]",10,19,10
215,15.0,9.0,176,0.7081468309999996,"[1, 1, 1, 1, 1, 1, 1, 1, 1, 0, 0, 0, 0, 1, 1, 1, 1, 1, 1, 0]",10,19,10
216,16.0,9.0,177,0.7132751969999997,"[1, 1, 1, 1, 1, 1, 1, 1, 1, 0, 0, 0, 0, 1, 1, 1, 1, 1, 1, 0]",10,19,10
217,17.0,9.0,178,0.718314157,"[1, 1, 1, 1, 1, 1, 1, 1, 1, 0, 0, 0, 0, 1, 1, 1, 1, 1, 1, 0]",10,19,10
218,18.0,9.0,179,0.7232973930000002,"[1, 1, 1, 1, 1, 1, 1, 1, 1, 0, 0, 0, 0, 1, 1, 1, 1, 1, 1, 0]",10,19,10
219,19.0,9.0,180,0.7281861679999997,"[1, 1, 1, 1, 1, 1, 1, 1, 1, 0, 0, 0, 0, 1, 1, 1, 1, 1, 1, 0]",10,19,10
